classifier,dataset,fit_time,fold,score_time,test_accuracy,test_f1_macro,test_precision_macro,test_recall_macro
Classifiers.MLP,quaternion,137.30466604232788,0,0.012002944946289062,0.4888117283950617,0.47994735804636257,0.4883962468649589,0.4888117283950618
Classifiers.MLP,quaternion,122.22129988670349,1,0.017002344131469727,0.4841820987654321,0.478772230169237,0.4842913450932639,0.48418209876543217
Classifiers.MLP,quaternion,120.65995049476624,2,0.017004013061523438,0.47530864197530864,0.47772978587088133,0.5062026444011676,0.47530864197530864
Classifiers.MLP,quaternion,133.72286677360535,3,0.01700305938720703,0.4868827160493827,0.48466640978502873,0.5051201594362013,0.4868827160493827
Classifiers.MLP,quaternion,136.62451434135437,4,0.01500558853149414,0.49112654320987653,0.48579242352076385,0.49580329668438633,0.4911265432098765
Classifiers.MLP,quaternion,138.00982356071472,5,0.013002395629882812,0.4834104938271605,0.46766478606865,0.4960881689345139,0.4834104938271605
Classifiers.MLP,quaternion,134.32000041007996,6,0.017004966735839844,0.4791666666666667,0.4731022550408441,0.4790512520273224,0.4791666666666667
Classifiers.MLP,quaternion,138.56394624710083,7,0.009001970291137695,0.4618055555555556,0.4438287755633398,0.4536664805924919,0.4618055555555556
Classifiers.MLP,quaternion,138.56894826889038,8,0.01000213623046875,0.47646604938271603,0.46250675374484135,0.4720643058897714,0.4764660493827161
Classifiers.MLP,quaternion,137.63673901557922,9,0.011002302169799805,0.47530864197530864,0.45640908096205707,0.47012208314158627,0.47530864197530864
Classifiers.MLP,quaternion,137.39968585968018,10,0.015003442764282227,0.47608024691358025,0.46305656375585763,0.47653141365353313,0.47608024691358014
Classifiers.MLP,quaternion,137.5837287902832,11,0.012001991271972656,0.4849537037037037,0.4787275519832899,0.48475504682525755,0.48495370370370366
Classifiers.MLP,quaternion,137.80177235603333,12,0.010002374649047852,0.4988425925925926,0.48680294194068463,0.5110907970102366,0.49884259259259267
Classifiers.MLP,quaternion,102.94699311256409,13,0.017002582550048828,0.44560185185185186,0.43965400914952446,0.4442626868605866,0.44560185185185186
Classifiers.MLP,quaternion,134.0019245147705,14,0.017004966735839844,0.47878086419753085,0.4749179180843401,0.4781057709955198,0.47878086419753085
Classifiers.MLP,quaternion,128.50569939613342,15,0.018004655838012695,0.4834104938271605,0.4756404750107891,0.49339985284901666,0.4834104938271605
Classifiers.MLP,quaternion,81.52122735977173,16,0.010002374649047852,0.45601851851851855,0.44573009876483993,0.4719104057581609,0.45601851851851855
Classifiers.MLP,quaternion,61.985864877700806,17,0.01000213623046875,0.4737654320987654,0.4731907972498749,0.5058098630077206,0.4737654320987655
Classifiers.MLP,quaternion,62.908069133758545,18,0.009001970291137695,0.45717592592592593,0.4394905736113327,0.4541279105531404,0.4571759259259259
Classifiers.MLP,quaternion,67.26504015922546,19,0.009001970291137695,0.4409722222222222,0.43544281170028615,0.4825799335846642,0.44097222222222227
Classifiers.KNN,quaternion,0.06501555442810059,0,10.866257667541504,0.498070987654321,0.48975341208805584,0.49491782623233466,0.49807098765432095
Classifiers.KNN,quaternion,0.06801581382751465,1,4.561850309371948,,,,
Classifiers.KNN,quaternion,0.0690157413482666,2,2.466853141784668,,,,
Classifiers.KNN,quaternion,0.0690155029296875,3,10.554188013076782,0.49421296296296297,0.48844363820484243,0.49237274803990544,0.4942129629629629
Classifiers.KNN,quaternion,0.06501555442810059,4,10.674214601516724,0.4834104938271605,0.4747714667499772,0.4786388526378819,0.4834104938271605
Classifiers.KNN,quaternion,0.06801700592041016,5,5.012951135635376,,,,
Classifiers.KNN,quaternion,0.07001686096191406,6,4.954937696456909,,,,
Classifiers.KNN,quaternion,0.07601737976074219,7,5.329021692276001,,,,
Classifiers.KNN,quaternion,0.07001590728759766,8,5.446047306060791,,,,
Classifiers.KNN,quaternion,0.10002517700195312,9,11.034293174743652,0.49614197530864196,0.4896718621355396,0.49218435547971473,0.49614197530864196
Classifiers.KNN,quaternion,0.07301688194274902,10,5.42904806137085,,,,
Classifiers.KNN,quaternion,0.07201457023620605,11,5.661096572875977,,,,
Classifiers.KNN,quaternion,0.06701493263244629,12,10.796240091323853,0.5231481481481481,0.5180792230793141,0.5202544904213119,0.5231481481481483
Classifiers.KNN,quaternion,0.062012672424316406,13,5.134981632232666,,,,
Classifiers.KNN,quaternion,0.06101417541503906,14,10.615200519561768,0.501929012345679,0.49464241819245264,0.49760521308836414,0.501929012345679
Classifiers.KNN,quaternion,0.08301758766174316,15,4.836910247802734,,,,
Classifiers.KNN,quaternion,0.5133178234100342,16,8.178152322769165,0.4930555555555556,0.48646316922788,0.4886216970566131,0.4930555555555556
Classifiers.KNN,quaternion,0.15203475952148438,17,5.274177074432373,,,,
Classifiers.KNN,quaternion,0.13503026962280273,18,0.06301426887512207,,,,
Classifiers.KNN,quaternion,0.1180264949798584,19,5.110138177871704,,,,
Classifiers.DT,quaternion,15.043357610702515,0,0.011002302169799805,0.5547839506172839,0.5535246342120164,0.5532466062992678,0.554783950617284
Classifiers.DT,quaternion,15.144380807876587,1,0.018004894256591797,0.5601851851851852,0.5611012959268391,0.5624694560368538,0.5601851851851851
Classifiers.DT,quaternion,15.094369888305664,2,0.017003774642944336,0.5493827160493827,0.5491413513686796,0.549450317472546,0.5493827160493827
Classifiers.DT,quaternion,15.139380693435669,3,0.013003110885620117,0.5416666666666666,0.5398714185216102,0.539276979165399,0.5416666666666666
Classifiers.DT,quaternion,15.202394485473633,4,0.011002063751220703,0.5378086419753086,0.5372833347206818,0.5371240936133392,0.5378086419753088
Classifiers.DT,quaternion,15.310418367385864,5,0.015002965927124023,0.5563271604938271,0.5574937564021688,0.5592236181417347,0.5563271604938271
Classifiers.DT,quaternion,15.308417558670044,6,0.013003349304199219,0.5524691358024691,0.5522740898684178,0.5528839030986129,0.552469135802469
Classifiers.DT,quaternion,15.430445909500122,7,0.009001970291137695,0.5613425925925926,0.5604148641188701,0.5597861743643229,0.5613425925925927
Classifiers.DT,quaternion,15.30641794204712,8,0.010001897811889648,0.5509259259259259,0.5511409800127466,0.5523029159339488,0.550925925925926
Classifiers.DT,quaternion,15.11537480354309,9,0.014003276824951172,0.5551697530864198,0.5555291623025285,0.5559871045048727,0.5551697530864197
Classifiers.DT,quaternion,15.362430810928345,10,0.012003421783447266,0.5686728395061729,0.5691942463579414,0.5701801998602779,0.5686728395061729
Classifiers.DT,quaternion,15.014351844787598,11,0.01000213623046875,0.5532407407407407,0.5519687942360463,0.5511775869291887,0.5532407407407407
Classifiers.DT,quaternion,15.202394247055054,12,0.01100301742553711,0.5466820987654321,0.5466976047228294,0.5473553351723623,0.5466820987654321
Classifiers.DT,quaternion,15.37743330001831,13,0.008002042770385742,0.5497685185185185,0.5481832765271565,0.54752282399846,0.5497685185185185
Classifiers.DT,quaternion,15.312418699264526,14,0.009002208709716797,0.5327932098765432,0.5326755053516298,0.5327629489292206,0.5327932098765431
Classifiers.DT,quaternion,15.332422733306885,15,0.011003732681274414,0.5447530864197531,0.5452524491672991,0.5463738223844384,0.5447530864197532
Classifiers.DT,quaternion,9.501132249832153,16,0.007001399993896484,0.5405092592592593,0.5415838356970198,0.5436353379069208,0.5405092592592592
Classifiers.DT,quaternion,9.690174579620361,17,0.007001638412475586,0.5374228395061729,0.5377985318467086,0.538834364139604,0.5374228395061729
Classifiers.DT,quaternion,9.601154088973999,18,0.007001638412475586,0.5478395061728395,0.5473483860135083,0.5473634558072862,0.5478395061728396
Classifiers.DT,quaternion,9.590152025222778,19,0.008002042770385742,0.5401234567901234,0.539240098290588,0.5391487351246429,0.5401234567901234
Classifiers.RF,quaternion,84.18580198287964,0,0.06201505661010742,0.5300925925925926,0.5212830134368901,0.5238858868184865,0.5300925925925926
Classifiers.RF,quaternion,84.00376081466675,1,0.06601476669311523,0.5262345679012346,0.5200661091533463,0.5239531957077469,0.5262345679012346
Classifiers.RF,quaternion,84.73492360115051,2,0.05301165580749512,0.5366512345679012,0.5317243021522999,0.536829870057424,0.5366512345679013
Classifiers.RF,quaternion,84.16980028152466,3,0.061011314392089844,0.5536265432098766,0.5442850687666796,0.5468347490186349,0.5536265432098766
Classifiers.RF,quaternion,84.5308780670166,4,0.0580134391784668,0.5339506172839507,0.528682952873011,0.5333175353977315,0.5339506172839505
Classifiers.RF,quaternion,84.28682518005371,5,0.05801224708557129,0.5308641975308642,0.5241898581685439,0.528216128760839,0.5308641975308643
Classifiers.RF,quaternion,84.42385506629944,6,0.051010847091674805,0.5239197530864198,0.5177297109732059,0.5206275847231336,0.5239197530864197
Classifiers.RF,quaternion,84.05077028274536,7,0.06301403045654297,0.5227623456790124,0.5156198042955226,0.5175296357896465,0.5227623456790124
Classifiers.RF,quaternion,84.21080589294434,8,0.06201434135437012,0.5227623456790124,0.5155575428183127,0.519868720492322,0.5227623456790123
Classifiers.RF,quaternion,84.02976584434509,9,0.06301403045654297,0.5335648148148148,0.5285345759426965,0.5336283471545673,0.5335648148148147
Classifiers.RF,quaternion,83.84072470664978,10,0.06101369857788086,0.5270061728395061,0.5203332659512845,0.5219267645346984,0.5270061728395061
Classifiers.RF,quaternion,84.10178327560425,11,0.06401443481445312,0.5432098765432098,0.536073531040056,0.5411384445833738,0.54320987654321
Classifiers.RF,quaternion,84.06177401542664,12,0.06301474571228027,0.5435956790123457,0.5379924028538796,0.5411653597911444,0.5435956790123456
Classifiers.RF,quaternion,83.91474056243896,13,0.062014102935791016,0.5185185185185185,0.512124013636702,0.5174295188552606,0.5185185185185185
Classifiers.RF,quaternion,84.22981214523315,14,0.055011749267578125,0.5262345679012346,0.5196749078324228,0.5235132170783561,0.5262345679012346
Classifiers.RF,quaternion,84.0907793045044,15,0.06001400947570801,0.5297067901234568,0.5233471586085424,0.5287619713024555,0.5297067901234568
Classifiers.RF,quaternion,52.592756032943726,16,0.0490109920501709,0.5308641975308642,0.526991752398876,0.5332525734207968,0.5308641975308642
Classifiers.RF,quaternion,52.77979803085327,17,0.048010826110839844,0.5254629629629629,0.5200225001674846,0.5232905320646178,0.5254629629629629
Classifiers.RF,quaternion,52.501734256744385,18,0.049012184143066406,0.5270061728395061,0.519662680611892,0.5246680826840446,0.5270061728395061
Classifiers.RF,quaternion,52.68577694892883,19,0.048011064529418945,0.5289351851851852,0.5217249006224639,0.5256690020474873,0.5289351851851851
Classifiers.GBM,quaternion,743.1989805698395,0,0.029006004333496094,0.6346450617283951,0.6310616183126982,0.6353338666622149,0.6346450617283952
Classifiers.GBM,quaternion,740.2693254947662,1,0.03900909423828125,0.6550925925925926,0.6533233417206579,0.6556839105074239,0.6550925925925926
Classifiers.GBM,quaternion,740.8114550113678,2,0.03800845146179199,0.6485339506172839,0.6464630986899115,0.648807741020944,0.6485339506172839
Classifiers.GBM,quaternion,739.9062523841858,3,0.03800797462463379,0.6520061728395061,0.6492809457675534,0.6510676974690904,0.6520061728395061
Classifiers.GBM,quaternion,740.9374830722809,4,0.037008047103881836,0.6350308641975309,0.6327734262420628,0.6350421181399071,0.635030864197531
Classifiers.GBM,quaternion,740.5643994808197,5,0.038008689880371094,0.6350308641975309,0.6335705721983136,0.6353567372636488,0.6350308641975309
Classifiers.GBM,quaternion,741.2155447006226,6,0.03400778770446777,0.6462191358024691,0.6437354224450096,0.6454147026275997,0.6462191358024691
Classifiers.GBM,quaternion,740.6574196815491,7,0.037008047103881836,0.6319444444444444,0.6284879124523273,0.6303847965398456,0.6319444444444444
Classifiers.GBM,quaternion,740.611409664154,8,0.03900885581970215,0.6358024691358025,0.6321311474038689,0.6335438397095838,0.6358024691358025
Classifiers.GBM,quaternion,740.8914721012115,9,0.03800845146179199,0.6462191358024691,0.644233451129685,0.6459007433002727,0.6462191358024691
Classifiers.GBM,quaternion,742.9169211387634,10,0.0290071964263916,0.6439043209876543,0.6415266196568971,0.6429452945447348,0.6439043209876544
Classifiers.GBM,quaternion,742.5458400249481,11,0.030007600784301758,0.6481481481481481,0.6455681909910592,0.6467425807640191,0.6481481481481483
Classifiers.GBM,quaternion,740.9134757518768,12,0.03700876235961914,0.654320987654321,0.6521830026831945,0.6540395034325621,0.6543209876543209
Classifiers.GBM,quaternion,741.8656888008118,13,0.032007455825805664,0.6477623456790124,0.6458732524106721,0.649430213082537,0.6477623456790124
Classifiers.GBM,quaternion,740.7794468402863,14,0.03400778770446777,0.6539351851851852,0.6518906498381872,0.653622788765617,0.6539351851851851
Classifiers.GBM,quaternion,740.1653065681458,15,0.03900885581970215,0.6597222222222222,0.6586033960749988,0.660344633847195,0.6597222222222222
Classifiers.GBM,quaternion,620.6226117610931,16,0.027006149291992188,0.6381172839506173,0.6358689158096325,0.640219140257819,0.6381172839506174
Classifiers.GBM,quaternion,618.7511932849884,17,0.029006242752075195,0.6400462962962963,0.6371936140458244,0.6390047539938098,0.6400462962962963
Classifiers.GBM,quaternion,619.9314572811127,18,0.02800607681274414,0.6315586419753086,0.6299228807544326,0.6321041017737108,0.6315586419753088
Classifiers.GBM,quaternion,619.5363688468933,19,0.0290069580078125,0.6404320987654321,0.6363729215520408,0.6395300842112072,0.6404320987654322
Classifiers.MLP,euler,113.67330026626587,0,0.01400303840637207,0.46141975308641975,0.4522616509003074,0.46445744250250687,0.46141975308641975
Classifiers.MLP,euler,94.75808572769165,1,0.015003681182861328,0.4652777777777778,0.4608860876507133,0.4675348821899029,0.4652777777777778
Classifiers.MLP,euler,96.29442977905273,2,0.015006065368652344,0.44830246913580246,0.44442152714179106,0.47927772325765566,0.44830246913580246
Classifiers.MLP,euler,112.68008780479431,3,0.011002779006958008,0.47762345679012347,0.46463247138708474,0.4767777232645271,0.4776234567901234
Classifiers.MLP,euler,112.63215517997742,4,0.014002561569213867,0.4540895061728395,0.44672427643454654,0.44918916886129445,0.4540895061728395
Classifiers.MLP,euler,112.37709832191467,5,0.01000213623046875,0.4675925925925926,0.4598083064008818,0.4767927971593984,0.46759259259259256
Classifiers.MLP,euler,107.15393042564392,6,0.015006780624389648,0.44290123456790126,0.4307278978276416,0.44731164837124787,0.44290123456790126
Classifiers.MLP,euler,108.58525061607361,7,0.014003276824951172,0.44753086419753085,0.43951739722400135,0.4606798700780945,0.44753086419753085
Classifiers.MLP,euler,103.1670355796814,8,0.016002893447875977,0.4359567901234568,0.4314187462814501,0.47127123140054294,0.43595679012345673
Classifiers.MLP,euler,94.71615791320801,9,0.016002416610717773,0.45794753086419754,0.4469827777738032,0.4492925159490814,0.45794753086419754
Classifiers.MLP,euler,112.34509015083313,10,0.01200413703918457,0.4548611111111111,0.4421432850520698,0.4546296211908785,0.4548611111111111
Classifiers.MLP,euler,112.91421842575073,11,0.009001493453979492,0.47492283950617287,0.4672996295855152,0.4730974587658041,0.4749228395061728
Classifiers.MLP,euler,112.29507970809937,12,0.013004064559936523,0.4702932098765432,0.46162425736951146,0.4890203257333152,0.47029320987654327
Classifiers.MLP,euler,112.69716811180115,13,0.009001731872558594,0.4556327160493827,0.44351127341202284,0.46109132935901415,0.4556327160493827
Classifiers.MLP,euler,103.71916580200195,14,0.01400446891784668,0.44675925925925924,0.4341549934503254,0.4637811392196606,0.4467592592592593
Classifiers.MLP,euler,95.042227268219,15,0.016003847122192383,0.4417438271604938,0.4369067555350666,0.4623063164482437,0.4417438271604939
Classifiers.MLP,euler,67.22202157974243,16,0.009001970291137695,0.4660493827160494,0.46048145924576517,0.47017139439733047,0.4660493827160494
Classifiers.MLP,euler,66.87694239616394,17,0.009002208709716797,0.46566358024691357,0.4525303061110299,0.4644140702704633,0.46566358024691357
Classifiers.MLP,euler,43.97683048248291,18,0.009001731872558594,0.4359567901234568,0.42244693240759634,0.44516200685180807,0.4359567901234568
Classifiers.MLP,euler,64.37138414382935,19,0.00800180435180664,0.45524691358024694,0.44592934695551123,0.465199826503546,0.45524691358024694
Classifiers.KNN,euler,0.0690159797668457,0,3.7758443355560303,,,,
Classifiers.KNN,euler,0.07901620864868164,1,8.446884155273438,0.5227623456790124,0.5178410677740233,0.5198790381067219,0.5227623456790124
Classifiers.KNN,euler,0.0690159797668457,2,3.585803985595703,,,,
Classifiers.KNN,euler,0.02700638771057129,3,1.9204294681549072,,,,
Classifiers.KNN,euler,0.02500629425048828,4,2.120474338531494,,,,
Classifiers.KNN,euler,0.0690159797668457,5,8.72794795036316,0.5204475308641975,0.5154845814064939,0.5209877269674694,0.5204475308641976
Classifiers.KNN,euler,0.06601476669311523,6,8.62792444229126,0.5123456790123457,0.5057066759346783,0.5096733564134401,0.5123456790123456
Classifiers.KNN,euler,0.0690159797668457,7,8.652931213378906,0.529320987654321,0.5244843915228505,0.5295647786040738,0.5293209876543209
Classifiers.KNN,euler,0.06601810455322266,8,8.68093466758728,0.5127314814814815,0.5054416099815862,0.5090371251661439,0.5127314814814814
Classifiers.KNN,euler,0.0810236930847168,9,4.092911243438721,,,,
Classifiers.KNN,euler,0.06601810455322266,10,3.5908048152923584,,,,
Classifiers.KNN,euler,0.07001805305480957,11,3.32674241065979,,,,
Classifiers.KNN,euler,0.06801414489746094,12,4.251955509185791,,,,
Classifiers.KNN,euler,0.027007579803466797,13,8.326858043670654,0.5061728395061729,0.4989449357517723,0.5005800401197564,0.5061728395061729
Classifiers.KNN,euler,0.026007413864135742,14,2.251502752304077,,,,
Classifiers.KNN,euler,0.06501626968383789,15,4.252949476242065,,,,
Classifiers.KNN,euler,0.12603425979614258,16,0.05600929260253906,,,,
Classifiers.KNN,euler,0.11902666091918945,17,6.940542459487915,0.5212191358024691,0.5167029122849295,0.5201705854941853,0.521219135802469
Classifiers.KNN,euler,0.12202024459838867,18,6.900538444519043,0.5069444444444444,0.5013387061169884,0.5023433881539378,0.5069444444444444
Classifiers.KNN,euler,0.15303397178649902,19,0.09102320671081543,,,,
Classifiers.DT,euler,12.568807363510132,0,0.009001970291137695,0.5582561728395061,0.5567654914571423,0.5557672715937144,0.5582561728395061
Classifiers.DT,euler,12.669828653335571,1,0.009001731872558594,0.5621141975308642,0.5621615780489806,0.5631983035532971,0.5621141975308642
Classifiers.DT,euler,12.656826496124268,2,0.014003753662109375,0.5474537037037037,0.5473772224505411,0.5484020299756732,0.5474537037037037
Classifiers.DT,euler,12.689831495285034,3,0.009001970291137695,0.5462962962962963,0.5454417679560669,0.5455408310918348,0.5462962962962963
Classifiers.DT,euler,12.609814882278442,4,0.015003681182861328,0.5447530864197531,0.5439242798159711,0.5435841743882653,0.5447530864197531
Classifiers.DT,euler,12.650824546813965,5,0.010001897811889648,0.5532407407407407,0.5518265072165653,0.5510494624832203,0.5532407407407408
Classifiers.DT,euler,12.613815784454346,6,0.010002613067626953,0.5389660493827161,0.539281744060887,0.5401148739940828,0.5389660493827162
Classifiers.DT,euler,12.66782832145691,7,0.012003183364868164,0.5474537037037037,0.5485097408469292,0.5505313897130455,0.5474537037037037
Classifiers.DT,euler,12.646824836730957,8,0.01000213623046875,0.5393518518518519,0.538901511326356,0.5391376989113755,0.5393518518518519
Classifiers.DT,euler,12.635822057723999,9,0.010002374649047852,0.5578703703703703,0.5586526935379483,0.5597485394621367,0.5578703703703703
Classifiers.DT,euler,12.626818895339966,10,0.010001897811889648,0.5748456790123457,0.5748618195010439,0.5751054868992957,0.5748456790123456
Classifiers.DT,euler,12.681830644607544,11,0.009002208709716797,0.558641975308642,0.557502676898261,0.5566982462037487,0.558641975308642
Classifiers.DT,euler,12.609814882278442,12,0.011002063751220703,0.5443672839506173,0.5455053520022998,0.5474560618864285,0.5443672839506173
Classifiers.DT,euler,12.625819444656372,13,0.01000213623046875,0.5532407407407407,0.552270693030115,0.5520319710454599,0.5532407407407407
Classifiers.DT,euler,12.640823125839233,14,0.01000213623046875,0.5451388888888888,0.5450215103885404,0.5451983132692879,0.5451388888888888
Classifiers.DT,euler,12.648820400238037,15,0.011005878448486328,0.5482253086419753,0.5485424414888113,0.5495398461867886,0.5482253086419752
Classifiers.DT,euler,7.857754707336426,16,0.007002592086791992,0.5482253086419753,0.5486426890262671,0.5496115072673854,0.5482253086419754
Classifiers.DT,euler,7.8127453327178955,17,0.007000923156738281,0.5582561728395061,0.5580808170299613,0.5585170018590655,0.5582561728395061
Classifiers.DT,euler,7.781737804412842,18,0.0070018768310546875,0.5405092592592593,0.5408608188191297,0.5422024850108988,0.5405092592592592
Classifiers.DT,euler,7.853754281997681,19,0.007001399993896484,0.5416666666666666,0.5416465436291754,0.5423233961804854,0.5416666666666666
Classifiers.RF,euler,80.9810836315155,0,0.06501555442810059,0.5339506172839507,0.526394574825805,0.531697155421885,0.5339506172839507
Classifiers.RF,euler,81.01109075546265,1,0.06501460075378418,0.5300925925925926,0.5235064229742333,0.5266176697148182,0.5300925925925926
Classifiers.RF,euler,80.88606214523315,2,0.07401657104492188,0.5327932098765432,0.5272815569158058,0.5310000479450182,0.5327932098765432
Classifiers.RF,euler,81.03709650039673,3,0.06601452827453613,0.5439814814814815,0.5360064631708523,0.5367247006786013,0.5439814814814815
Classifiers.RF,euler,81.0080897808075,4,0.06401419639587402,0.5362654320987654,0.5323572999126787,0.5380869963657329,0.5362654320987654
Classifiers.RF,euler,80.66301226615906,5,0.060013532638549805,0.5327932098765432,0.5262830654157941,0.5305103377374782,0.5327932098765432
Classifiers.RF,euler,80.96908068656921,6,0.06301450729370117,0.5239197530864198,0.5186709285138031,0.5224554490167455,0.5239197530864197
Classifiers.RF,euler,80.79104089736938,7,0.06101393699645996,0.5239197530864198,0.5164024139681795,0.5188950951623551,0.5239197530864197
Classifiers.RF,euler,81.16712546348572,8,0.05401206016540527,0.5258487654320988,0.5174657470574888,0.5205625195418246,0.5258487654320988
Classifiers.RF,euler,81.134117603302,9,0.062014102935791016,0.5262345679012346,0.519512263585107,0.5245600973696745,0.5262345679012346
Classifiers.RF,euler,80.93007230758667,10,0.062014102935791016,0.5289351851851852,0.5228934357673003,0.5250472489558394,0.5289351851851851
Classifiers.RF,euler,81.08010625839233,11,0.06701493263244629,0.5354938271604939,0.5293189280740255,0.5311773937700708,0.5354938271604939
Classifiers.RF,euler,81.09411001205444,12,0.06301355361938477,0.5574845679012346,0.5515722053974244,0.5572092039426466,0.5574845679012346
Classifiers.RF,euler,81.1261157989502,13,0.062014102935791016,0.5173611111111112,0.511176463353055,0.5171788902639738,0.5173611111111112
Classifiers.RF,euler,81.09811019897461,14,0.06601452827453613,0.5385802469135802,0.5313461124313495,0.5370034758562778,0.5385802469135803
Classifiers.RF,euler,80.9850845336914,15,0.061014652252197266,0.5335648148148148,0.5278144848395139,0.5336335784043407,0.5335648148148148
Classifiers.RF,euler,49.891152143478394,16,0.04901123046875,0.5270061728395061,0.5228578916329956,0.5289332762627255,0.5270061728395061
Classifiers.RF,euler,49.8621461391449,17,0.048011064529418945,0.535108024691358,0.5292063864838927,0.5323067271776616,0.535108024691358
Classifiers.RF,euler,49.731116771698,18,0.048010826110839844,0.5135030864197531,0.5070016283986369,0.5123383930086008,0.5135030864197531
Classifiers.RF,euler,49.7921302318573,19,0.04701066017150879,0.5289351851851852,0.5195295967053453,0.5220296198539992,0.5289351851851852
Classifiers.GBM,euler,597.2513904571533,0,0.038008928298950195,0.6689814814814815,0.6663376443202065,0.6698654568330089,0.6689814814814814
Classifiers.GBM,euler,598.3166289329529,1,0.03600883483886719,0.6743827160493827,0.6727082144038303,0.6740472103120478,0.6743827160493827
Classifiers.GBM,euler,597.6914892196655,2,0.03600788116455078,0.683641975308642,0.682663222805005,0.6852016313992996,0.683641975308642
Classifiers.GBM,euler,597.8225181102753,3,0.037008047103881836,0.6647376543209876,0.6625855546639681,0.6640608613639758,0.6647376543209877
Classifiers.GBM,euler,597.979553937912,4,0.03600811958312988,0.6678240740740741,0.6662843184503839,0.6680790896124531,0.6678240740740741
Classifiers.GBM,euler,598.7847340106964,5,0.029006481170654297,0.6724537037037037,0.6701244654135363,0.6720126872732408,0.6724537037037037
Classifiers.GBM,euler,600.5931470394135,6,0.0290069580078125,0.6670524691358025,0.6655418197151085,0.6668591914174763,0.6670524691358024
Classifiers.GBM,euler,597.2903995513916,7,0.03800797462463379,0.6697530864197531,0.6687781981350408,0.6712906841162061,0.6697530864197532
Classifiers.GBM,euler,599.0027809143066,8,0.03200697898864746,0.6469907407407407,0.6436734837982783,0.6481370227249504,0.6469907407407407
Classifiers.GBM,euler,597.9285423755646,9,0.0380094051361084,0.6666666666666666,0.6652377753199917,0.6667574900197679,0.6666666666666666
Classifiers.GBM,euler,598.5766792297363,10,0.03500795364379883,0.6489197530864198,0.6468429338568803,0.6478871440165066,0.6489197530864197
Classifiers.GBM,euler,597.9075379371643,11,0.03900957107543945,0.6705246913580247,0.6688530066810738,0.6694105476932771,0.6705246913580247
Classifiers.GBM,euler,598.2836210727692,12,0.03500771522521973,0.6666666666666666,0.6656724267124586,0.6684235120771569,0.6666666666666666
Classifiers.GBM,euler,597.1863760948181,13,0.0380091667175293,0.6570216049382716,0.6558541970446458,0.6585696810242563,0.6570216049382716
Classifiers.GBM,euler,597.6374742984772,14,0.052011728286743164,0.660108024691358,0.6587810359415456,0.661059948841085,0.660108024691358
Classifiers.GBM,euler,597.9095318317413,15,0.03500723838806152,0.6643518518518519,0.6635431762941388,0.6660621754669613,0.6643518518518517
Classifiers.GBM,euler,500.2447340488434,16,0.02800607681274414,0.6751543209876543,0.6743037005008412,0.6779014171738572,0.6751543209876543
Classifiers.GBM,euler,500.43377780914307,17,0.028006553649902344,0.6670524691358025,0.6652994596691539,0.6675377987159536,0.6670524691358026
Classifiers.GBM,euler,500.4347779750824,18,0.028006553649902344,0.6512345679012346,0.6505588535858658,0.6545281477503971,0.6512345679012346
Classifiers.GBM,euler,500.49879240989685,19,0.02700638771057129,0.6547067901234568,0.6518987510882203,0.6536072460995146,0.6547067901234568
Classifiers.MLP,yaw,77.61733865737915,0,0.012001991271972656,0.39891975308641975,0.39323343047523296,0.3972174409914978,0.39891975308641975
Classifiers.MLP,yaw,79.33271932601929,1,0.013005256652832031,0.39737654320987653,0.38010481780325805,0.38304913225598547,0.3973765432098765
Classifiers.MLP,yaw,78.77659606933594,2,0.014003276824951172,0.3958333333333333,0.3701135833541608,0.39457426812612356,0.39583333333333326
Classifiers.MLP,yaw,79.05665731430054,3,0.01300358772277832,0.4185956790123457,0.40526157639282734,0.4135412484553157,0.4185956790123457
Classifiers.MLP,yaw,80.45396900177002,4,0.008010387420654297,0.41396604938271603,0.3990707910938443,0.4092449488172096,0.4139660493827161
Classifiers.MLP,yaw,79.81682586669922,5,0.00800180435180664,0.4070216049382716,0.3935712373039292,0.4037947323073011,0.4070216049382716
Classifiers.MLP,yaw,80.35795664787292,6,0.009001970291137695,0.39853395061728397,0.38249520774657,0.39584200813915454,0.39853395061728397
Classifiers.MLP,yaw,79.5377631187439,7,0.011002540588378906,0.39467592592592593,0.3757007947127698,0.3815241671256124,0.394675925925926
Classifiers.MLP,yaw,68.8183708190918,8,0.013002395629882812,0.38310185185185186,0.3591250530022974,0.3793450449586201,0.38310185185185186
Classifiers.MLP,yaw,68.88338470458984,9,0.013004064559936523,0.39197530864197533,0.373239479509126,0.3860811352592228,0.39197530864197533
Classifiers.MLP,yaw,78.78759479522705,10,0.012002706527709961,0.4047067901234568,0.3858390502814219,0.3950641065844458,0.40470679012345673
Classifiers.MLP,yaw,79.34371733665466,11,0.012002706527709961,0.4070216049382716,0.39526223062047905,0.40429094757786754,0.40702160493827155
Classifiers.MLP,yaw,80.02887392044067,12,0.009001493453979492,0.41203703703703703,0.40216303642584905,0.4095211152850314,0.412037037037037
Classifiers.MLP,yaw,77.50630855560303,13,0.013001680374145508,0.376929012345679,0.3645026453548964,0.3767703809527331,0.37692901234567905
Classifiers.MLP,yaw,79.94885587692261,14,0.012002706527709961,0.3896604938271605,0.3770219993171098,0.3993086432765844,0.38966049382716045
Classifiers.MLP,yaw,78.32049059867859,15,0.013002872467041016,0.38503086419753085,0.3686059066262507,0.37834240635003896,0.38503086419753085
Classifiers.MLP,yaw,51.67854928970337,16,0.008001565933227539,0.3846450617283951,0.3747355495132967,0.39465950967048985,0.3846450617283951
Classifiers.MLP,yaw,51.16342639923096,17,0.008010625839233398,0.38348765432098764,0.3709058029538632,0.37859846675220926,0.3834876543209877
Classifiers.MLP,yaw,50.04718518257141,18,0.00800180435180664,0.38850308641975306,0.3699911514906051,0.3878655960531936,0.3885030864197531
Classifiers.MLP,yaw,39.79589557647705,19,0.008002042770385742,0.38117283950617287,0.3653390255063608,0.374564907663348,0.3811728395061728
Classifiers.KNN,yaw,0.009001970291137695,0,1.8294086456298828,,,,
Classifiers.KNN,yaw,0.009001970291137695,1,2.09147572517395,,,,
Classifiers.KNN,yaw,0.031008005142211914,2,3.9458775520324707,,,,
Classifiers.KNN,yaw,0.032004356384277344,3,7.909765005111694,0.49382716049382713,0.4893425073754304,0.48919260589964497,0.4938271604938272
Classifiers.KNN,yaw,0.031006574630737305,4,3.072690963745117,,,,
Classifiers.KNN,yaw,0.03200697898864746,5,7.823744773864746,0.49421296296296297,0.4888776407005634,0.4910288024006426,0.4942129629629629
Classifiers.KNN,yaw,0.030007362365722656,6,7.865755081176758,0.4695216049382716,0.46355700019784074,0.4653361190098162,0.4695216049382716
Classifiers.KNN,yaw,0.030007362365722656,7,3.183711528778076,,,,
Classifiers.KNN,yaw,0.031008005142211914,8,3.8598625659942627,,,,
Classifiers.KNN,yaw,0.031006574630737305,9,3.1887145042419434,,,,
Classifiers.KNN,yaw,0.030007362365722656,10,7.910764217376709,0.5007716049382716,0.4975004694614226,0.5008038877987937,0.5007716049382717
Classifiers.KNN,yaw,0.031006574630737305,11,4.034901857376099,,,,
Classifiers.KNN,yaw,0.01600170135498047,12,7.65271258354187,0.4888117283950617,0.48502826463031634,0.4856620728027931,0.4888117283950617
Classifiers.KNN,yaw,0.031008005142211914,13,3.0176708698272705,,,,
Classifiers.KNN,yaw,0.032004356384277344,14,3.990893840789795,,,,
Classifiers.KNN,yaw,0.015004396438598633,15,1.9274394512176514,,,,
Classifiers.KNN,yaw,0.08101797103881836,16,0.054007768630981445,,,,
Classifiers.KNN,yaw,0.06201457977294922,17,6.296401739120483,0.48302469135802467,0.479961638228572,0.48296813779758896,0.4830246913580247
Classifiers.KNN,yaw,0.06000828742980957,18,6.196380376815796,0.47800925925925924,0.47071692934703485,0.47366159553936854,0.47800925925925924
Classifiers.KNN,yaw,0.05100607872009277,19,0.07101130485534668,,,,
Classifiers.DT,yaw,4.666041851043701,0,0.01000213623046875,0.4737654320987654,0.4730216123042911,0.47272411737646003,0.47376543209876537
Classifiers.DT,yaw,4.6330366134643555,1,0.009999513626098633,0.49266975308641975,0.4930841392460217,0.4943298201584993,0.49266975308641975
Classifiers.DT,yaw,4.580021858215332,2,0.00800180435180664,0.4810956790123457,0.48032187391240044,0.4800695180298054,0.4810956790123456
Classifiers.DT,yaw,4.683043956756592,3,0.006001710891723633,0.48919753086419754,0.4899240704582386,0.49102804868640987,0.48919753086419754
Classifiers.DT,yaw,4.665040493011475,4,0.009002923965454102,0.4679783950617284,0.4672559795823368,0.46723650339057493,0.4679783950617284
Classifiers.DT,yaw,4.60202693939209,5,0.009001970291137695,0.5096450617283951,0.5084043736775911,0.5076814088436366,0.5096450617283952
Classifiers.DT,yaw,4.607028245925903,6,0.01000213623046875,0.47955246913580246,0.4792363192507638,0.4795918809940026,0.47955246913580246
Classifiers.DT,yaw,4.6430346965789795,7,0.008002042770385742,0.4826388888888889,0.4818929318859757,0.4815547363199153,0.4826388888888889
Classifiers.DT,yaw,4.600026369094849,8,0.010002374649047852,0.48649691358024694,0.48659565059827226,0.4869876010792242,0.48649691358024694
Classifiers.DT,yaw,4.632033109664917,9,0.01000213623046875,0.48572530864197533,0.4859152083702505,0.48659892073225275,0.4857253086419753
Classifiers.DT,yaw,4.5820231437683105,10,0.009001970291137695,0.5023148148148148,0.5030404817825235,0.5044104355878672,0.5023148148148149
Classifiers.DT,yaw,4.629033088684082,11,0.008002042770385742,0.49074074074074076,0.4901796716682404,0.4900930568470071,0.4907407407407407
Classifiers.DT,yaw,4.661040306091309,12,0.0070018768310546875,0.49614197530864196,0.49690811121696005,0.499618820816253,0.49614197530864196
Classifiers.DT,yaw,4.621031045913696,13,0.009002447128295898,0.4876543209876543,0.48792156517876584,0.4894987438135844,0.4876543209876544
Classifiers.DT,yaw,4.638034343719482,14,0.007001638412475586,0.4853395061728395,0.48457414383962916,0.48440897444559883,0.4853395061728395
Classifiers.DT,yaw,4.641035795211792,15,0.008001565933227539,0.4799382716049383,0.4801929619681143,0.48111415292919624,0.4799382716049382
Classifiers.DT,yaw,3.032677173614502,16,0.0060007572174072266,0.47646604938271603,0.47713108439365254,0.47848243615696884,0.4764660493827161
Classifiers.DT,yaw,3.0146732330322266,17,0.007001161575317383,0.47453703703703703,0.47652684628471476,0.4791198506771663,0.474537037037037
Classifiers.DT,yaw,3.0646848678588867,18,0.007001638412475586,0.49382716049382713,0.49346170944564627,0.49339817115904716,0.4938271604938271
Classifiers.DT,yaw,3.0486807823181152,19,0.007001161575317383,0.49691358024691357,0.4952263670946297,0.4946523814283456,0.49691358024691357
Classifiers.RF,yaw,50.41725778579712,0,0.061012983322143555,0.47183641975308643,0.4587371228027722,0.46311091858654396,0.47183641975308643
Classifiers.RF,yaw,50.33924317359924,1,0.07601690292358398,0.4834104938271605,0.4713231830097734,0.47164545777810524,0.4834104938271605
Classifiers.RF,yaw,50.435264587402344,2,0.06201362609863281,0.4810956790123457,0.4738237650901158,0.4776577264342569,0.4810956790123456
Classifiers.RF,yaw,50.48727297782898,3,0.05901384353637695,0.4837962962962963,0.47170765918697494,0.4709587909127919,0.48379629629629634
Classifiers.RF,yaw,50.472269773483276,4,0.0600132942199707,0.4791666666666667,0.47175048609840264,0.47333577382497033,0.4791666666666667
Classifiers.RF,yaw,50.56729221343994,5,0.052011966705322266,0.4818672839506173,0.47269098712849567,0.4745141864268619,0.4818672839506173
Classifiers.RF,yaw,50.25922203063965,6,0.06601476669311523,0.4807098765432099,0.473082879337492,0.4743567890973813,0.4807098765432099
Classifiers.RF,yaw,50.51928210258484,7,0.060013532638549805,0.47183641975308643,0.4611502189643303,0.4615115058086674,0.47183641975308643
Classifiers.RF,yaw,50.28523063659668,8,0.06101417541503906,0.4664351851851852,0.4547210371372523,0.45654956491858834,0.46643518518518523
Classifiers.RF,yaw,50.491276025772095,9,0.05901360511779785,0.4880401234567901,0.4795784967738328,0.48076038530118925,0.4880401234567901
Classifiers.RF,yaw,50.35824680328369,10,0.06201457977294922,0.4810956790123457,0.47184400264328175,0.47404946769018275,0.4810956790123456
Classifiers.RF,yaw,50.58329653739929,11,0.0490109920501709,0.4880401234567901,0.47766137095790445,0.4791011740848663,0.4880401234567901
Classifiers.RF,yaw,50.49727535247803,12,0.0600132942199707,0.49459876543209874,0.4872201300790489,0.4890651940115112,0.4945987654320988
Classifiers.RF,yaw,50.597299337387085,13,0.052011966705322266,0.47260802469135804,0.46462226129793127,0.4682041200543072,0.47260802469135804
Classifiers.RF,yaw,50.37825131416321,14,0.061013221740722656,0.4695216049382716,0.4585863966849162,0.4615372342178667,0.4695216049382716
Classifiers.RF,yaw,50.37924933433533,15,0.0600132942199707,0.4683641975308642,0.4583789782880522,0.459372721593133,0.46836419753086417
Classifiers.RF,yaw,31.005934715270996,16,0.04800128936767578,0.4679783950617284,0.46066355181820856,0.4643001844496021,0.4679783950617284
Classifiers.RF,yaw,31.092944383621216,17,0.046010732650756836,0.47685185185185186,0.46719932670110126,0.4689956156482322,0.4768518518518518
Classifiers.RF,yaw,30.942920446395874,18,0.04700040817260742,0.46875,0.45795289890676727,0.45842281700751136,0.46875
Classifiers.RF,yaw,30.94892191886902,19,0.047000885009765625,0.4699074074074074,0.45818021093384076,0.45919097349177473,0.46990740740740744
Classifiers.GBM,yaw,220.6822865009308,0,0.03400754928588867,0.6763117283950617,0.6740260596675725,0.6819061238860262,0.6763117283950617
Classifiers.GBM,yaw,221.28842210769653,1,0.03300738334655762,0.6786265432098766,0.6770648937804441,0.6846688675889999,0.6786265432098766
Classifiers.GBM,yaw,220.89333367347717,2,0.03400754928588867,0.6697530864197531,0.6678330251213712,0.6752778553383935,0.6697530864197532
Classifiers.GBM,yaw,221.7165174484253,3,0.034008026123046875,0.6871141975308642,0.6852475328987196,0.691071713435997,0.6871141975308643
Classifiers.GBM,yaw,221.7745304107666,4,0.03400707244873047,0.6577932098765432,0.6563567596645972,0.6605024311651291,0.6577932098765432
Classifiers.GBM,yaw,220.6832857131958,5,0.036008596420288086,0.6724537037037037,0.6703255169400817,0.6750710772071211,0.6724537037037037
Classifiers.GBM,yaw,221.44745755195618,6,0.033006906509399414,0.6797839506172839,0.6786140172454915,0.6831069916336848,0.6797839506172839
Classifiers.GBM,yaw,221.7605278491974,7,0.03100752830505371,0.6624228395061729,0.6598347212330832,0.6677046304964032,0.6624228395061729
Classifiers.GBM,yaw,221.73352241516113,8,0.03400731086730957,0.6643518518518519,0.6621781473720799,0.6708605484141491,0.6643518518518517
Classifiers.GBM,yaw,221.8755509853363,9,0.026005983352661133,0.6878858024691358,0.6860695831678743,0.6926221744669081,0.6878858024691358
Classifiers.GBM,yaw,221.87455201148987,10,0.02600574493408203,0.683641975308642,0.6821742785545648,0.6869840857036618,0.683641975308642
Classifiers.GBM,yaw,221.74652242660522,11,0.03200674057006836,0.6793981481481481,0.678643587994268,0.6843249508433407,0.6793981481481483
Classifiers.GBM,yaw,221.25941514968872,12,0.03800821304321289,0.6790123456790124,0.6777390938169003,0.6815535309830271,0.6790123456790124
Classifiers.GBM,yaw,221.76352906227112,13,0.027005910873413086,0.6728395061728395,0.6712250383901615,0.6757927710676767,0.6728395061728395
Classifiers.GBM,yaw,221.67550921440125,14,0.029006481170654297,0.6840277777777778,0.6829044155081934,0.6908431128385951,0.6840277777777778
Classifiers.GBM,yaw,221.2354109287262,15,0.0400087833404541,0.6847993827160493,0.6827585373023162,0.6866111400480204,0.6847993827160495
Classifiers.GBM,yaw,181.55355858802795,16,0.025005578994750977,0.6774691358024691,0.6764833031977666,0.6818549582895579,0.6774691358024693
Classifiers.GBM,yaw,181.44153380393982,17,0.025005578994750977,0.6929012345679012,0.692149563182121,0.6961941184744352,0.6929012345679013
Classifiers.GBM,yaw,181.65257859230042,18,0.025005578994750977,0.6550925925925926,0.6528450678535975,0.660631006829038,0.6550925925925926
Classifiers.GBM,yaw,181.43853330612183,19,0.025005578994750977,0.6793981481481481,0.677015631719418,0.6835890455978764,0.6793981481481481
Classifiers.MLP,all,174.83705472946167,0,0.02300095558166504,0.47530864197530864,0.4658680299383676,0.4808919637965543,0.47530864197530864
Classifiers.MLP,all,227.03170657157898,1,0.01800537109375,0.48649691358024694,0.48018052389012816,0.48209942412918966,0.48649691358024694
Classifiers.MLP,all,229.22419595718384,2,0.013003110885620117,0.4888117283950617,0.48057653048523796,0.4862937908189987,0.4888117283950617
Classifiers.MLP,all,227.9699158668518,3,0.019004344940185547,0.49228395061728397,0.4948098678262507,0.5103885078652891,0.4922839506172839
Classifiers.MLP,all,201.76306438446045,4,0.02300548553466797,0.4699074074074074,0.45683293781387857,0.48060430162114975,0.46990740740740744
Classifiers.MLP,all,228.88611960411072,5,0.01900506019592285,0.4810956790123457,0.47825682024215005,0.4838625849902928,0.48109567901234573
Classifiers.MLP,all,213.13460421562195,6,0.02000594139099121,0.4494598765432099,0.43747975317511056,0.4523008591109952,0.4494598765432099
Classifiers.MLP,all,230.08838844299316,7,0.01200246810913086,0.4683641975308642,0.46016181487776975,0.4732848012964713,0.46836419753086417
Classifiers.MLP,all,220.73330092430115,8,0.019002914428710938,0.46257716049382713,0.46963925926506217,0.4883481945546604,0.4625771604938272
Classifiers.MLP,all,229.51726007461548,9,0.011002779006958008,0.49112654320987653,0.48969050870282743,0.4951866144634207,0.4911265432098766
Classifiers.MLP,all,198.23927640914917,10,0.024005413055419922,0.49614197530864196,0.4854716273270882,0.4845612868889185,0.49614197530864196
Classifiers.MLP,all,201.7980694770813,11,0.02300739288330078,0.49691358024691357,0.4858295002618077,0.4991756320221801,0.49691358024691357
Classifiers.MLP,all,180.4783103466034,12,0.022004127502441406,0.5,0.4918373731938378,0.499342212791827,0.5
Classifiers.MLP,all,174.46896839141846,13,0.024004220962524414,0.4513888888888889,0.43779865377272753,0.46154483238198896,0.4513888888888889
Classifiers.MLP,all,229.12617230415344,14,0.012002229690551758,0.4799382716049383,0.4777858121473144,0.4788492213802744,0.4799382716049383
Classifiers.MLP,all,229.28820824623108,15,0.017004013061523438,0.49344135802469136,0.4851766151756369,0.48747681618338884,0.49344135802469136
Classifiers.MLP,all,112.74518775939941,16,0.010003328323364258,0.48572530864197533,0.4832513780790765,0.49409926352513966,0.4857253086419753
Classifiers.MLP,all,97.82085394859314,17,0.011002540588378906,0.4783950617283951,0.4697518569612486,0.491097591777056,0.478395061728395
Classifiers.MLP,all,107.23295760154724,18,0.01000213623046875,0.4664351851851852,0.4673204740173782,0.47365820061861197,0.46643518518518523
Classifiers.MLP,all,90.89330792427063,19,0.010002613067626953,0.47646604938271603,0.4682984458011836,0.4781659671055899,0.4764660493827161
Classifiers.KNN,all,0.11902785301208496,0,6.064356565475464,,,,
Classifiers.KNN,all,0.11502647399902344,1,10.275294542312622,,,,
Classifiers.KNN,all,0.1160268783569336,2,11.481564283370972,0.4930555555555556,0.48794026980624483,0.49308934922172604,0.4930555555555556
Classifiers.KNN,all,0.12303018569946289,3,10.964447975158691,0.49112654320987653,0.48410498780041167,0.48849505575259516,0.4911265432098765
Classifiers.KNN,all,0.1180267333984375,4,6.313411474227905,,,,
Classifiers.KNN,all,0.1270284652709961,5,11.229509830474854,0.49151234567901236,0.48561427990172246,0.49064361921589367,0.4915123456790123
Classifiers.KNN,all,0.11502647399902344,6,4.918101072311401,,,,
Classifiers.KNN,all,0.1160271167755127,7,5.625255584716797,,,,
Classifiers.KNN,all,0.1180262565612793,8,10.639375448226929,0.5084876543209876,0.5000340561924371,0.5047088445421326,0.5084876543209877
Classifiers.KNN,all,0.11902761459350586,9,4.620033025741577,,,,
Classifiers.KNN,all,0.1140284538269043,10,6.426435232162476,,,,
Classifiers.KNN,all,0.11302542686462402,11,10.71939492225647,0.5185185185185185,0.5124117304394246,0.5154818893541848,0.5185185185185186
Classifiers.KNN,all,0.11202383041381836,12,6.737504482269287,,,,
Classifiers.KNN,all,0.11502361297607422,13,10.162269353866577,,,,
Classifiers.KNN,all,0.10702228546142578,14,11.275518417358398,0.4957561728395062,0.48759229664698517,0.48896992273182593,0.4957561728395061
Classifiers.KNN,all,0.11902570724487305,15,0.13503265380859375,,,,
Classifiers.KNN,all,0.2780628204345703,16,0.15503668785095215,,,,
Classifiers.KNN,all,0.2940676212310791,17,0.13102936744689941,,,,
Classifiers.KNN,all,0.14702725410461426,18,0.03600811958312988,,,,
Classifiers.KNN,all,0.4200935363769531,19,9.322458028793335,0.5123456790123457,0.506459612272352,0.5074580734044213,0.5123456790123456
Classifiers.DT,all,27.335104942321777,0,0.20304584503173828,0.5516975308641975,0.5520022576198694,0.5525460123861765,0.5516975308641975
Classifiers.DT,all,27.361111164093018,1,0.16203570365905762,0.5455246913580247,0.5462188200962439,0.5472678445647924,0.5455246913580248
Classifiers.DT,all,27.402120351791382,2,0.0690157413482666,0.5324074074074074,0.5322970424442669,0.5324399191085233,0.5324074074074073
Classifiers.DT,all,27.49914050102234,3,0.02300548553466797,0.5432098765432098,0.5422238337912664,0.5420206728799728,0.54320987654321
Classifiers.DT,all,27.44112801551819,4,0.09101986885070801,0.5262345679012346,0.526669993263541,0.528339166763808,0.5262345679012346
Classifiers.DT,all,27.24408197402954,5,0.2890646457672119,0.5470679012345679,0.5463615495127585,0.5463228829919757,0.5470679012345678
Classifiers.DT,all,27.533149480819702,6,0.017003536224365234,0.5543981481481481,0.5544162369197987,0.5552697833277781,0.5543981481481481
Classifiers.DT,all,27.2570903301239,7,0.13502764701843262,0.5505401234567902,0.5493209041126265,0.5489799837900026,0.55054012345679
Classifiers.DT,all,27.3241024017334,8,0.21104788780212402,0.5389660493827161,0.5392001296951623,0.5401123027567085,0.5389660493827161
Classifiers.DT,all,27.489139795303345,9,0.012002944946289062,0.5486111111111112,0.5472852813727583,0.5467956133025254,0.5486111111111112
Classifiers.DT,all,27.380114555358887,10,0.1580350399017334,0.5640432098765432,0.5646984209415029,0.5658326986103904,0.5640432098765432
Classifiers.DT,all,27.41312313079834,11,0.012002229690551758,0.5543981481481481,0.5540107085402614,0.5541014320288937,0.5543981481481481
Classifiers.DT,all,27.56715750694275,12,0.013002872467041016,0.5462962962962963,0.5452984946844509,0.5447735322700612,0.5462962962962964
Classifiers.DT,all,27.210076570510864,13,0.011002302169799805,0.5389660493827161,0.5385444445348716,0.5383091128755184,0.5389660493827161
Classifiers.DT,all,27.296095848083496,14,0.010002374649047852,0.5385802469135802,0.53733268152549,0.5364792906105709,0.5385802469135803
Classifiers.DT,all,27.537151098251343,15,0.015002965927124023,0.5408950617283951,0.5405862859683093,0.5409330077586956,0.5408950617283951
Classifiers.DT,all,16.995805501937866,16,0.007473945617675781,0.5435956790123457,0.5444268415875825,0.5461946084250531,0.5435956790123457
Classifiers.DT,all,16.8527729511261,17,0.007001638412475586,0.5381944444444444,0.5388234596810817,0.5406050572734293,0.5381944444444444
Classifiers.DT,all,16.727745294570923,18,0.008002281188964844,0.5385802469135802,0.5387272682256479,0.5391515918264236,0.5385802469135803
Classifiers.DT,all,16.921788930892944,19,0.00800180435180664,0.5617283950617284,0.5615341090303265,0.5617730238715922,0.5617283950617283
Classifiers.RF,all,128.92379426956177,0,0.07601618766784668,0.5320216049382716,0.524933920932199,0.5317044888367851,0.5320216049382717
Classifiers.RF,all,128.56471347808838,1,0.06301379203796387,0.533179012345679,0.528381086722157,0.5329745400532038,0.533179012345679
Classifiers.RF,all,128.87078261375427,2,0.07501721382141113,0.53125,0.5269372532921361,0.5329638943568384,0.53125
Classifiers.RF,all,129.19485473632812,3,0.054012298583984375,0.5459104938271605,0.5376034738342897,0.5396404840685372,0.5459104938271604
Classifiers.RF,all,128.88178420066833,4,0.08401894569396973,0.535108024691358,0.5302673567765251,0.5336839540900031,0.535108024691358
Classifiers.RF,all,128.85677886009216,5,0.07301664352416992,0.53125,0.5238862751507649,0.5267520528410201,0.53125
Classifiers.RF,all,128.7737591266632,6,0.0780172348022461,0.5308641975308642,0.5260661894075519,0.529221302848147,0.5308641975308642
Classifiers.RF,all,129.06482195854187,7,0.0600130558013916,0.5347222222222222,0.529173650042577,0.5313595312329663,0.5347222222222222
Classifiers.RF,all,128.73674941062927,8,0.06401443481445312,0.5216049382716049,0.5144848047558533,0.518918618346063,0.5216049382716048
Classifiers.RF,all,128.89178729057312,9,0.08001708984375,0.5289351851851852,0.524316007591056,0.5293381345025155,0.5289351851851852
Classifiers.RF,all,129.20485496520996,10,0.05301237106323242,0.5308641975308642,0.525833789266825,0.5275120341378835,0.5308641975308643
Classifiers.RF,all,129.08283019065857,11,0.05601191520690918,0.5482253086419753,0.5432173518472115,0.5466407549829485,0.5482253086419753
Classifiers.RF,all,128.9858090877533,12,0.07001352310180664,0.5416666666666666,0.5369502161110036,0.5431358614694698,0.5416666666666667
Classifiers.RF,all,128.74975395202637,13,0.06501483917236328,0.5254629629629629,0.5205773862749612,0.5277804094168252,0.525462962962963
Classifiers.RF,all,128.84977459907532,14,0.08301830291748047,0.5347222222222222,0.5292826168156304,0.5323301115106562,0.5347222222222222
Classifiers.RF,all,128.7747585773468,15,0.0760185718536377,0.5235339506172839,0.5179224452575739,0.5248667175014633,0.523533950617284
Classifiers.RF,all,79.38974094390869,16,0.05101132392883301,0.5289351851851852,0.525879613761494,0.5335309466642768,0.5289351851851852
Classifiers.RF,all,79.11567974090576,17,0.05101132392883301,0.5304783950617284,0.5254587741068977,0.5278534926947386,0.5304783950617283
Classifiers.RF,all,79.19169688224792,18,0.0490107536315918,0.5227623456790124,0.5172435741022144,0.5214612046191879,0.5227623456790124
Classifiers.RF,all,79.12568259239197,19,0.05001091957092285,0.529320987654321,0.5225651713966547,0.5252903311654448,0.529320987654321
Classifiers.GBM,all,1311.2798647880554,0,0.041008949279785156,0.6350308641975309,0.6306533815437952,0.6330861866872852,0.635030864197531
Classifiers.GBM,all,1310.8317646980286,1,0.041008949279785156,0.6585648148148148,0.6560521615031101,0.6574442008526136,0.6585648148148148
Classifiers.GBM,all,1312.0050263404846,2,0.038008689880371094,0.6577932098765432,0.6553961645070354,0.6578372646889947,0.6577932098765431
Classifiers.GBM,all,1310.5136923789978,3,0.07601714134216309,0.65625,0.6533314103135983,0.656199768350876,0.6562499999999999
Classifiers.GBM,all,1312.2320766448975,4,0.03900861740112305,0.6319444444444444,0.6295610962275754,0.630622388036237,0.6319444444444444
Classifiers.GBM,all,1311.7199637889862,5,0.039008378982543945,0.6481481481481481,0.6460470502910147,0.6472839225981137,0.6481481481481483
Classifiers.GBM,all,1312.6201651096344,6,0.031007051467895508,0.6469907407407407,0.6451592750775331,0.6467464443880534,0.6469907407407407
Classifiers.GBM,all,1311.6279423236847,7,0.040009260177612305,0.6450617283950617,0.6414979714341447,0.641851727525544,0.6450617283950617
Classifiers.GBM,all,1312.8342106342316,8,0.032007694244384766,0.6346450617283951,0.6315773584007555,0.6328674554387512,0.6346450617283952
Classifiers.GBM,all,1311.5489249229431,9,0.0400090217590332,0.6466049382716049,0.6447319214138805,0.6460092474192146,0.6466049382716048
Classifiers.GBM,all,1314.0624947547913,10,0.03100728988647461,0.6373456790123457,0.6346148848917266,0.6368012206110051,0.6373456790123456
Classifiers.GBM,all,1314.1025032997131,11,0.03200697898864746,0.6508487654320988,0.647619401264819,0.6484438803700823,0.6508487654320987
Classifiers.GBM,all,1311.832983970642,12,0.03700852394104004,0.6631944444444444,0.661391628700348,0.6636774266707659,0.6631944444444444
Classifiers.GBM,all,1312.0740377902985,13,0.0400090217590332,0.65625,0.6538303192141126,0.657078421305633,0.65625
Classifiers.GBM,all,1312.1450572013855,14,0.03900885581970215,0.6408179012345679,0.6380237146902412,0.6396948346176559,0.6408179012345679
Classifiers.GBM,all,1313.7634291648865,15,0.03100728988647461,0.6558641975308642,0.6538979807846448,0.6561802507912788,0.6558641975308642
Classifiers.GBM,all,1095.054583311081,16,0.03000617027282715,0.6415895061728395,0.6396054196264485,0.6438905983032418,0.6415895061728395
Classifiers.GBM,all,1095.4626746177673,17,0.03000640869140625,0.6489197530864198,0.6466395893448796,0.6489898401310072,0.6489197530864198
Classifiers.GBM,all,1095.5496933460236,18,0.030006885528564453,0.6408179012345679,0.6397189259213238,0.6418771830320726,0.6408179012345679
Classifiers.GBM,all,1094.889545917511,19,0.030007123947143555,0.6604938271604939,0.6567509897614033,0.6574373545577121,0.6604938271604939
